epoch,steps,cosine_pearson,cosine_spearman
1.0,500,0.9536081096952004,0.4415346309766203
2.0,1000,0.9656318958535914,0.44174132602956523
3.0,1500,0.9749292512334367,0.44182384850148904
1.0,500,0.9875677792230001,0.5195153262339095
2.0,1000,0.9909617941593813,0.519515416883604
3.0,1500,0.9911006488101983,0.5195153997652032
4.0,2000,0.9916371074012328,0.5195153709751692
